player_name,club,position,fouls_committed,fouls_suffered,red,yellow,minutes_played,pass_accuracy,pass_attempted,pass_completed,cross_accuracy,cross_attempted,cross_completed,freekicks_taken,match_played,goals,assists,distance_covered,performance
João Palhinha,Sporting CP,Midfielder,23,17,2,0,534,85.0,194,165,0,1,0,14,6,0,0,66.4,Bad
Capoue,Villarreal,Midfielder,19,17,3,1,1046,87.2,491,438,50,2,1,4,12,2,4,130.9,Good
Rodri,Man. City,Midfielder,19,4,2,0,842,94.2,806,760,0,1,0,13,10,0,0,114.6,Bad
Seiwald,Salzburg,Midfielder,19,3,2,0,649,69.0,258,190,20,25,5,9,8,0,1,85.3,Normal
Balanta,Club Brugge,Midfielder,18,3,4,0,407,79.8,155,124,0,2,0,1,5,0,0,50.7,Bad
Casemiro,Real Madrid,Midfielder,17,18,3,0,914,89.1,538,482,25,4,1,6,11,0,0,107.6,Bad
Éder Militão,Real Madrid,Defender,17,16,4,0,1076,87.5,643,563,0,2,0,17,12,0,0,110.4,Bad
Otamendi,Benfica,Defender,17,11,2,0,810,84.3,380,328,0,1,0,14,9,0,0,91.2,Bad
Gravenberch,Ajax,Midfielder,17,11,1,0,703,87.4,386,342,0,9,0,9,8,0,1,89.1,Normal
Haller,Ajax,Forward,17,11,1,0,668,80.8,162,134,0,0,0,0,8,11,1,82.2,Good
Álvarez,Ajax,Midfielder,17,6,4,0,558,93.3,363,340,0,1,0,7,7,0,0,73.0,Bad
Mané,Liverpool,Midfielder,16,19,2,0,822,79.0,278,219,30,10,3,1,13,5,1,100.3,Good
Gilberto,Benfica,Defender,16,13,1,0,715,79.8,291,232,30,13,4,9,9,1,0,85.7,Normal
Luis Díaz,Porto,Forward,16,10,1,0,908,83.8,341,282,18,11,2,0,7,2,1,49.9,Good
Gavi,Barcelona,Midfielder,16,7,2,0,398,92.8,164,153,0,3,0,1,6,0,0,54.1,Bad
Reinildo,Atlético,Defender,15,15,2,0,816,81.1,364,302,30,10,3,11,10,0,0,88.8,Bad
Capaldo,Salzburg,Midfielder,15,8,3,0,281,66.6,112,78,25,8,2,4,7,0,0,36.9,Bad
Keïta,Liverpool,Midfielder,15,7,0,0,487,87.9,354,313,0,4,0,5,10,1,2,61.5,Good
Carvajal,Real Madrid,Defender,15,6,3,0,959,87.3,576,503,34,23,8,11,11,0,1,112.8,Normal
Camara,Salzburg,Midfielder,14,23,2,0,672,87.0,208,185,0,0,0,4,8,0,0,80.9,Bad
Camara,Salzburg,Midfielder,14,23,2,0,672,87.0,208,185,0,0,0,4,4,0,0,30.5,Bad
Camara,Salzburg,Midfielder,14,23,2,0,672,86.5,369,325,0,1,0,18,8,0,0,80.9,Bad
Camara,Salzburg,Midfielder,14,23,2,0,672,86.5,369,325,0,1,0,18,4,0,0,30.5,Bad
Camara,Young Boys,Defender,4,0,0,0,347,87.0,208,185,0,0,0,4,8,0,0,80.9,Bad
Camara,Young Boys,Defender,4,0,0,0,347,87.0,208,185,0,0,0,4,4,0,0,30.5,Bad
Camara,Young Boys,Defender,4,0,0,0,347,86.5,369,325,0,1,0,18,8,0,0,80.9,Bad
Camara,Young Boys,Defender,4,0,0,0,347,86.5,369,325,0,1,0,18,4,0,0,30.5,Bad
Fabinho,Liverpool,Midfielder,14,11,1,0,849,90.3,595,549,0,2,0,9,13,1,0,105.5,Normal
Sterling,Man. City,Forward,14,10,1,0,581,88.4,206,185,12,8,1,1,12,3,2,71.1,Good
Renan Lodi,Atlético,Defender,14,6,0,0,478,78.8,164,128,25,20,5,5,10,1,2,61.7,Good
Addo,Sheriff,Midfielder,14,4,3,0,491,85.2,137,118,0,0,0,2,6,0,0,59.7,Bad
Kristensen,Salzburg,Defender,14,4,1,0,720,65.8,282,191,0,12,0,1,8,0,1,85.5,Normal
Vinícius Júnior,Real Madrid,Forward,13,24,1,0,1199,83.1,451,377,31,19,6,0,13,4,6,133.0,Good
João Mário,Benfica,Midfielder,13,13,2,0,493,85.8,268,242,40,10,4,23,8,0,4,66.0,Normal
João Mário,Benfica,Midfielder,13,13,2,0,493,85.8,268,242,40,10,4,23,4,0,0,39.3,Bad
João Mário,Benfica,Midfielder,13,13,2,0,493,75.3,126,95,11,9,1,7,8,0,4,66.0,Normal
João Mário,Benfica,Midfielder,13,13,2,0,493,75.3,126,95,11,9,1,7,4,0,0,39.3,Bad
João Mário,Porto,Forward,1,4,0,0,351,85.8,268,242,40,10,4,23,8,0,4,66.0,Good
João Mário,Porto,Forward,1,4,0,0,351,85.8,268,242,40,10,4,23,4,0,0,39.3,Bad
João Mário,Porto,Forward,1,4,0,0,351,75.3,126,95,11,9,1,7,8,0,4,66.0,Good
João Mário,Porto,Forward,1,4,0,0,351,75.3,126,95,11,9,1,7,4,0,0,39.3,Bad
Marcos Llorente,Atlético,Midfielder,13,10,3,0,700,80.7,249,212,10,10,1,1,9,0,0,83.6,Bad
Ziyech,Chelsea,Midfielder,13,8,2,0,446,76.8,240,186,26,41,11,3,9,1,2,53.5,Good
Ulmer,Salzburg,Defender,13,2,2,0,716,66.9,277,187,0,16,0,5,8,0,0,84.2,Bad
De Paul,Atlético,Midfielder,12,13,2,0,577,75.8,293,228,29,17,5,19,9,1,0,74.5,Normal
Havertz,Chelsea,Midfielder,12,9,1,0,672,86.1,248,210,66,3,2,0,9,3,0,86.3,Good
Otávio,Porto,Midfielder,12,8,1,0,450,70.0,197,149,56,16,9,4,6,0,0,53.8,Bad
Dumfries,Inter,Defender,12,7,1,0,467,77.2,124,93,14,14,2,0,7,0,1,60.2,Normal
Rakip,Malmö,Midfielder,12,6,1,0,273,72.2,67,48,50,2,1,4,6,0,0,35.9,Bad
Acuña,Sevilla,Defender,12,6,0,0,379,77.8,275,214,40,30,12,15,5,0,0,43.2,Bad
Milner,Liverpool,Midfielder,12,4,3,0,211,57.5,157,116,22,9,2,7,8,0,1,32.0,Normal
Vrsaljko,Atlético,Defender,12,2,1,0,304,65.6,80,55,20,5,1,1,5,0,0,36.9,Bad
Kanté,Chelsea,Midfielder,12,2,0,0,427,89.8,274,245,50,4,2,3,6,0,1,52.2,Normal
Garmash,Dynamo Kyiv,Midfielder,11,15,2,0,325,78.5,88,69,0,2,0,0,6,1,0,42.7,Normal
Lewandowski,Bayern,Forward,11,13,1,0,876,79.1,206,163,10,10,1,1,10,13,3,99.7,Good
Tadić,Ajax,Forward,11,9,0,0,630,75.7,303,231,43,44,19,8,7,2,2,78.9,Good
Bastoni,Inter,Defender,11,8,2,0,666,89.0,432,387,18,11,2,18,8,0,0,76.6,Bad
Alonso,Chelsea,Defender,11,7,1,0,548,86.3,300,258,38,34,13,10,8,0,0,68.9,Bad
Čolak,Malmö,Forward,11,7,1,0,500,77.5,76,59,0,2,0,0,6,0,0,63.0,Bad
Innocent,Malmö,Midfielder,11,7,1,0,496,89.5,225,202,0,0,0,3,6,0,0,60.1,Bad
Diogo Jota,Liverpool,Forward,11,6,2,0,578,80.5,234,189,0,1,0,0,11,1,1,73.9,Good
L. Hernández,Bayern,Defender,11,6,2,0,572,92.0,543,496,37,8,3,12,8,0,0,69.4,Bad
Laimer,Leipzig,Midfielder,11,5,0,0,405,81.2,187,149,16,6,1,4,6,0,1,49.1,Normal
João Cancelo,Man. City,Defender,11,4,3,0,840,88.0,668,586,20,29,6,11,9,2,3,100.3,Good
Rüdiger,Chelsea,Defender,11,3,2,0,840,90.3,750,681,0,4,0,12,9,1,0,88.4,Good
Konaté,Liverpool,Defender,11,3,1,0,720,89.5,515,465,0,0,0,16,8,2,0,78.5,Good
Müller,Bayern,Forward,11,3,0,0,778,78.9,366,283,28,25,7,1,10,4,3,98.5,Good
Guilavogui,Wolfsburg,Midfielder,11,2,4,1,429,85.4,215,184,0,0,0,5,5,0,0,50.5,Bad
Moumi Ngamaleu,Young Boys,Midfielder,10,13,2,0,532,83.2,192,159,11,18,2,1,6,1,1,57.2,Good
Arnold,Wolfsburg,Midfielder,10,9,3,0,540,78.7,266,210,38,18,7,25,6,0,3,67.3,Good
Correa,Atlético,Forward,10,8,2,0,401,90.8,27,24,0,1,0,0,10,1,0,49.6,Normal
Correa,Atlético,Forward,10,8,2,0,401,90.8,27,24,0,1,0,0,5,0,0,14.8,Bad
Correa,Atlético,Forward,10,8,2,0,401,65.6,139,107,28,7,2,1,10,1,0,49.6,Normal
Correa,Atlético,Forward,10,8,2,0,401,65.6,139,107,28,7,2,1,5,0,0,14.8,Bad
Correa,Inter,Forward,1,2,0,0,106,90.8,27,24,0,1,0,0,10,1,0,49.6,Normal
Correa,Inter,Forward,1,2,0,0,106,90.8,27,24,0,1,0,0,5,0,0,14.8,Bad
Correa,Inter,Forward,1,2,0,0,106,65.6,139,107,28,7,2,1,10,1,0,49.6,Normal
Correa,Inter,Forward,1,2,0,0,106,65.6,139,107,28,7,2,1,5,0,0,14.8,Bad
Nkunku,Leipzig,Midfielder,10,8,0,0,531,86.3,193,167,20,15,3,8,6,7,0,62.8,Good
Gueye,Paris,Midfielder,10,7,1,0,400,88.7,209,190,33,3,1,2,7,1,0,48.1,Normal
J. Timber,Ajax,Midfielder,10,6,3,0,570,95.8,497,474,0,1,0,14,8,0,0,64.9,Bad
Weghorst,Wolfsburg,Forward,10,6,2,0,398,75.0,92,69,0,0,0,0,5,0,0,49.4,Bad
Vidal,Inter,Midfielder,10,6,1,0,409,90.4,254,222,66,3,2,3,7,1,2,53.2,Good
Bernardo Silva,Man. City,Midfielder,10,6,0,0,878,91.6,462,427,23,17,4,5,11,3,3,120.3,Good
Mount,Chelsea,Midfielder,10,6,0,0,538,83.9,268,225,25,27,7,2,7,1,2,60.3,Good
Upamecano,Bayern,Defender,10,5,3,0,660,93.1,562,519,0,2,0,11,8,0,0,82.3,Bad
Weigl,Benfica,Midfielder,10,5,2,0,810,89.1,351,316,0,3,0,8,9,0,0,112.0,Bad
Jordán,Sevilla,Midfielder,10,4,2,1,327,91.5,221,203,50,4,2,9,6,1,0,43.3,Normal
Henderson,Liverpool,Midfielder,10,4,0,0,666,86.2,602,530,35,17,6,6,12,1,2,85.7,Good
Henderson,Liverpool,Midfielder,10,4,0,0,666,86.2,602,530,35,17,6,6,1,0,0,4.4,Bad
Adamu,Salzburg,Forward,10,2,0,0,231,60.4,59,32,0,1,0,0,8,1,0,32.6,Normal
De Roon,Atalanta,Midfielder,10,1,2,0,484,81.5,298,245,0,1,0,6,6,0,0,62.1,Bad
Adeyemi,Salzburg,Forward,9,18,2,0,607,53.1,90,49,28,7,2,1,8,3,1,69.2,Good
Grealish,Man. City,Midfielder,9,17,0,0,461,87.2,243,214,40,5,2,3,7,1,1,57.1,Good
Evanilson,Porto,Forward,9,15,0,0,313,79.5,72,58,0,1,0,0,4,0,0,34.9,Bad
Sergio Busquets,Barcelona,Midfielder,9,14,1,0,487,89.0,382,340,0,0,0,16,6,0,0,63.9,Bad
André,LOSC,Midfielder,9,10,3,0,630,82.0,352,289,0,4,0,7,7,0,0,80.0,Bad
De Bruyne,Man. City,Midfielder,9,9,2,0,734,82.6,397,334,26,41,11,18,10,2,4,95.5,Good
Mazraoui,Ajax,Defender,9,8,1,0,661,86.9,385,338,36,19,7,7,8,0,2,81.5,Normal
Jorginho,Chelsea,Midfielder,9,8,0,0,561,91.5,519,477,50,4,2,12,8,2,2,68.7,Good
Mukiele,Leipzig,Defender,9,8,0,0,484,72.7,196,144,13,15,2,10,6,1,1,57.0,Good
Renato Sanches,LOSC,Midfielder,9,8,0,0,407,80.4,204,163,11,9,1,5,5,0,0,49.2,Bad
Foyth,Villarreal,Defender,9,7,1,0,891,82.1,347,290,0,1,0,8,10,0,0,98.7,Bad
Kessié,Milan,Midfielder,9,6,2,1,321,85.0,175,150,100,4,4,10,5,0,1,41.2,Normal
Albiol,Villarreal,Defender,9,6,1,0,1045,85.9,440,385,0,1,0,14,12,0,0,115.7,Bad
Taremi,Porto,Forward,9,6,1,0,494,70.3,108,75,0,1,0,0,6,1,1,60.6,Good
Coquelin,Villarreal,Midfielder,9,4,2,1,463,82.0,150,124,50,2,1,1,8,1,0,57.6,Normal
Grujić,Porto,Midfielder,9,4,1,0,320,76.5,131,110,0,0,0,2,6,0,1,40.9,Normal
Pavard,Bayern,Defender,9,4,0,0,764,90.2,676,613,33,12,4,10,10,0,1,96.7,Normal
Jesus,Man. City,Forward,9,3,3,0,352,86.0,131,113,0,4,0,0,8,4,1,41.9,Good
Azpilicueta,Chelsea,Defender,9,3,1,0,679,88.0,491,434,15,19,3,3,9,1,1,82.0,Good
Garcia,Young Boys,Defender,9,2,1,0,435,79.8,226,184,30,23,7,6,5,0,0,40.2,Bad
Alaba,Real Madrid,Defender,9,1,1,0,1040,92.3,657,606,11,17,2,21,12,1,0,112.3,Normal
Hermoso,Atlético,Defender,9,1,1,0,425,76.0,165,127,0,3,0,8,6,0,0,47.7,Bad
Hefti,Young Boys,Defender,9,1,1,0,386,74.7,204,154,30,20,6,3,6,1,1,38.8,Good
Bellingham,Dortmund,Midfielder,8,17,1,0,503,86.8,281,246,28,7,2,4,6,1,3,62.3,Good
Lo Celso,Villarreal,Midfielder,8,15,3,0,524,82.5,204,170,0,3,0,1,6,0,0,68.4,Bad
Rafa Silva,Benfica,Forward,8,14,2,0,704,76.1,187,145,37,8,3,2,9,1,1,85.7,Good
Burak Yılmaz,LOSC,Forward,8,11,2,0,529,66.6,130,91,16,12,2,9,7,3,0,56.2,Good
L. Nmecha,Wolfsburg,Forward,8,9,3,0,322,79.8,66,50,0,1,0,0,5,2,0,42.0,Good
Alex Sandro,Juventus,Defender,8,9,0,0,553,86.9,325,284,14,7,1,11,7,1,0,69.0,Normal
André Silva,Leipzig,Forward,8,8,0,0,410,83.8,99,82,66,3,2,1,6,3,2,47.2,Good
Traore,Sheriff,Midfielder,8,7,0,0,530,78.0,105,83,33,3,1,1,6,2,1,64.4,Good
Vranckx,Wolfsburg,Midfielder,8,7,0,0,337,80.0,95,77,50,6,3,1,4,0,0,41.5,Bad
Kimpembe,Paris,Defender,8,6,3,0,630,93.3,376,352,0,0,0,15,7,0,0,64.4,Bad
Gonçalo Ramos,Benfica,Forward,8,6,2,0,369,78.3,101,76,0,0,0,1,7,1,1,52.1,Good
Piqué,Barcelona,Defender,8,3,2,0,393,92.8,288,269,0,0,0,2,5,1,0,44.0,Normal
Gvardiol,Leipzig,Defender,8,3,0,0,334,86.3,196,162,0,2,0,3,6,0,0,41.5,Bad
Kroos,Real Madrid,Midfielder,7,18,0,0,902,91.9,814,752,20,34,7,44,12,2,0,116.5,Good
Bamba,LOSC,Forward,7,11,3,0,468,81.3,218,174,40,25,10,8,6,0,0,58.2,Bad
Larin,Beşiktaş,Forward,7,11,3,0,354,78.0,100,78,0,1,0,0,5,1,0,40.2,Normal
Koke,Atlético,Midfielder,7,11,1,0,665,81.1,308,252,0,3,0,6,9,0,1,91.2,Normal
Clinton Mata,Club Brugge,Defender,7,10,1,0,528,70.3,200,144,27,11,3,10,6,0,0,59.9,Bad
Martínez,Inter,Forward,7,9,1,0,587,94.1,674,633,0,0,0,12,8,0,1,83.3,Normal
Martínez,Inter,Forward,7,9,1,0,587,94.1,674,633,0,0,0,12,8,1,0,67.4,Normal
Martínez,Inter,Forward,7,9,1,0,587,94.1,674,633,0,0,0,12,1,0,0,6.0,Bad
Martínez,Inter,Forward,7,9,1,0,587,81.1,121,97,0,1,0,0,8,0,1,83.3,Normal
Martínez,Inter,Forward,7,9,1,0,587,81.1,121,97,0,1,0,0,8,1,0,67.4,Normal
Martínez,Inter,Forward,7,9,1,0,587,81.1,121,97,0,1,0,0,1,0,0,6.0,Bad
Martínez,Inter,Forward,7,9,1,0,587,54.0,28,15,0,0,0,3,8,0,1,83.3,Normal
Martínez,Inter,Forward,7,9,1,0,587,54.0,28,15,0,0,0,3,8,1,0,67.4,Normal
Martínez,Inter,Forward,7,9,1,0,587,54.0,28,15,0,0,0,3,1,0,0,6.0,Bad
Martínez,Ajax,Defender,7,7,1,0,720,94.1,674,633,0,0,0,12,8,0,1,83.3,Normal
Martínez,Ajax,Defender,7,7,1,0,720,94.1,674,633,0,0,0,12,8,1,0,67.4,Normal
Martínez,Ajax,Defender,7,7,1,0,720,94.1,674,633,0,0,0,12,1,0,0,6.0,Bad
Martínez,Ajax,Defender,7,7,1,0,720,81.1,121,97,0,1,0,0,8,0,1,83.3,Normal
Martínez,Ajax,Defender,7,7,1,0,720,81.1,121,97,0,1,0,0,8,1,0,67.4,Normal
Martínez,Ajax,Defender,7,7,1,0,720,81.1,121,97,0,1,0,0,1,0,0,6.0,Bad
Martínez,Ajax,Defender,7,7,1,0,720,54.0,28,15,0,0,0,3,8,0,1,83.3,Normal
Martínez,Ajax,Defender,7,7,1,0,720,54.0,28,15,0,0,0,3,8,1,0,67.4,Normal
Martínez,Ajax,Defender,7,7,1,0,720,54.0,28,15,0,0,0,3,1,0,0,6.0,Bad
Shaparenko,Dynamo Kyiv,Midfielder,7,8,1,0,486,87.3,321,287,44,9,4,17,6,0,0,68.7,Bad
Claudinho,Zenit,Midfielder,7,8,1,0,460,85.3,267,229,45,22,10,5,6,2,0,55.8,Good
Bennacer,Milan,Midfielder,7,8,1,0,376,85.8,200,170,36,11,4,16,6,0,0,47.1,Bad
Ugarte,Sporting CP,Midfielder,7,8,1,0,205,84.0,74,65,50,2,1,3,4,0,0,29.6,Bad
Mendy,Real Madrid,Defender,7,7,3,0,867,91.1,413,376,25,12,3,4,10,0,2,96.3,Normal
Mendy,Real Madrid,Defender,7,7,3,0,867,91.1,413,376,25,12,3,4,9,0,0,57.4,Bad
Mendy,Real Madrid,Defender,7,7,3,0,867,85.0,208,173,0,0,0,7,10,0,2,96.3,Normal
Mendy,Real Madrid,Defender,7,7,3,0,867,85.0,208,173,0,0,0,7,9,0,0,57.4,Bad
Pino,Villarreal,Forward,7,7,3,0,431,76.7,106,88,0,5,0,0,7,1,0,54.7,Normal
Nacho,Real Madrid,Defender,7,7,2,0,574,91.0,304,283,16,6,1,5,9,0,0,61.9,Bad
Saelemaekers,Milan,Midfielder,7,7,1,0,444,77.5,182,141,28,7,2,1,6,0,0,57.3,Bad
Pogba,Man. United,Midfielder,7,7,0,0,347,83.0,191,157,66,3,2,2,6,0,0,30.9,Bad
Zapata,Atalanta,Forward,7,6,1,0,464,70.0,130,92,20,5,1,0,6,3,3,50.1,Good
Paredes,Paris,Midfielder,7,5,3,0,315,93.8,315,298,0,0,0,10,5,0,0,36.9,Bad
Shaw,Man. United,Defender,7,5,2,0,397,79.8,233,190,29,17,5,6,5,0,2,36.6,Normal
Locatelli,Juventus,Midfielder,7,5,1,0,539,85.6,363,316,33,3,1,12,7,0,0,69.8,Bad
Bruno,Sheriff,Midfielder,7,5,0,0,312,76.2,82,63,50,6,3,2,6,0,0,38.5,Bad
Tomori,Milan,Defender,7,4,2,0,418,87.4,194,169,0,0,0,3,5,1,0,45.4,Normal
C. Martins Pereira,Young Boys,Midfielder,7,4,1,0,420,91.2,177,162,0,0,0,6,5,0,0,44.5,Bad
McTominay,Man. United,Midfielder,7,4,1,0,400,90.2,217,197,0,0,0,10,5,0,0,53.8,Bad
Christensen,Chelsea,Defender,7,4,0,0,603,93.4,552,517,50,2,1,7,8,1,1,62.6,Good
Davies,Bayern,Midfielder,7,4,0,0,477,86.7,278,236,26,15,4,4,7,0,2,61.4,Normal
Goretzka,Bayern,Midfielder,7,4,0,0,466,85.7,338,307,33,3,1,5,6,0,0,59.3,Bad
Souza,Beşiktaş,Midfielder,7,3,3,1,442,87.2,267,237,0,1,0,13,5,0,0,55.5,Bad
Estupiñán,Villarreal,Defender,7,3,2,0,645,83.2,282,229,28,14,4,3,10,0,0,76.4,Bad
Mbabu,Wolfsburg,Defender,7,3,2,0,328,64.8,141,96,31,16,5,4,6,0,0,38.6,Bad
Ricardo Esgaio,Sporting CP,Defender,7,3,1,0,380,75.6,171,146,33,3,1,7,8,0,2,48.8,Normal
Wöber,Salzburg,Defender,7,3,0,0,573,79.0,314,255,0,2,0,12,7,1,0,66.5,Normal
Siebatcheu,Young Boys,Forward,7,3,0,0,341,68.3,64,51,0,0,0,0,6,2,0,35.6,Normal
Felipe,Atlético,Defender,7,2,3,2,472,73.6,195,168,0,0,0,5,7,0,0,51.4,Bad
Nsoki,Club Brugge,Defender,7,2,1,0,484,85.7,184,162,0,0,0,4,6,0,0,56.8,Bad
Chistiakov,Zenit,Defender,7,1,2,1,444,92.2,209,196,0,0,0,4,5,0,0,50.8,Bad
Wendell,Porto,Defender,7,1,1,1,131,84.8,52,42,0,0,0,3,4,0,0,16.0,Bad
Mingueza,Barcelona,Defender,7,1,0,0,219,89.0,140,119,18,11,2,7,5,0,0,27.2,Bad
Stepanenko,Shakhtar Donetsk,Midfielder,7,0,0,0,225,94.3,146,137,0,1,0,4,4,0,0,30.6,Bad
Mahrez,Man. City,Midfielder,6,20,1,0,986,84.9,482,414,24,49,12,11,12,7,2,120.1,Good
Coman,Bayern,Forward,6,16,1,0,632,84.2,329,271,30,42,13,0,9,2,3,76.3,Good
Pedro Porro,Sporting CP,Defender,6,12,2,0,529,65.4,207,135,8,25,2,6,7,1,0,60.9,Normal
Zappacosta,Atalanta,Defender,6,11,1,0,405,89.7,188,162,8,12,1,6,6,0,1,51.0,Normal
Freuler,Atalanta,Midfielder,6,11,0,0,526,84.2,360,307,33,3,1,11,6,1,1,71.6,Good
Tetê,Shakhtar Donetsk,Forward,6,10,0,0,373,86.5,129,110,0,4,0,0,6,0,0,44.5,Bad
Barrios,Zenit,Midfielder,6,9,1,0,540,91.7,306,282,0,2,0,8,6,0,0,61.5,Bad
Everton,Benfica,Forward,6,9,0,0,543,78.7,115,87,44,9,4,0,9,0,0,67.1,Bad
Malinovskyi,Atalanta,Midfielder,6,9,0,0,301,82.2,143,114,41,31,13,6,5,1,0,38.5,Normal
Fernando Costanza,Sheriff,Defender,6,8,2,0,540,65.5,136,92,18,11,2,4,6,0,0,64.6,Bad
Matheus Reis,Sporting CP,Defender,6,8,0,0,611,84.1,224,192,16,6,1,6,8,0,0,75.3,Bad
Núñez,Benfica,Forward,6,7,1,0,613,56.4,117,67,22,18,4,2,10,6,0,72.4,Good
Danjuma,Villarreal,Midfielder,6,7,0,0,906,78.6,165,128,38,13,5,0,11,6,2,107.8,Good
Maguire,Man. United,Defender,6,7,0,0,534,89.7,346,311,0,2,0,16,6,1,0,49.3,Normal
Fernando,Sevilla,Midfielder,6,6,1,0,540,86.0,293,253,0,1,0,10,6,0,0,66.6,Bad
Fernando,Sevilla,Midfielder,6,6,1,0,540,86.0,293,253,0,1,0,10,5,2,0,34.8,Good
Fernando,Sevilla,Midfielder,6,6,1,0,540,80.4,77,63,0,1,0,0,6,0,0,66.6,Bad
Fernando,Sevilla,Midfielder,6,6,1,0,540,80.4,77,63,0,1,0,0,5,2,0,34.8,Good
Fernando,Shakhtar Donetsk,Midfielder,6,3,1,0,350,86.0,293,253,0,1,0,10,6,0,0,66.6,Bad
Fernando,Shakhtar Donetsk,Midfielder,6,3,1,0,350,86.0,293,253,0,1,0,10,5,2,0,34.8,Good
Fernando,Shakhtar Donetsk,Midfielder,6,3,1,0,350,80.4,77,63,0,1,0,0,6,0,0,66.6,Bad
Fernando,Shakhtar Donetsk,Midfielder,6,3,1,0,350,80.4,77,63,0,1,0,0,5,2,0,34.8,Good
Elia,Young Boys,Forward,6,6,1,0,489,81.8,118,96,7,14,1,2,6,1,0,49.1,Normal
Alan Patrick,Shakhtar Donetsk,Midfielder,6,6,0,0,268,81.3,153,127,50,4,2,4,4,0,1,37.1,Normal
Fonte,LOSC,Defender,6,5,3,0,720,88.5,369,328,0,0,0,14,8,0,0,81.3,Bad
Xeka,LOSC,Midfielder,6,5,3,0,435,80.3,218,180,33,9,3,16,7,0,0,54.1,Bad
Thiago Silva,Chelsea,Defender,6,5,1,0,757,93.1,607,571,100,2,2,17,9,0,1,71.7,Normal
Herrera,Paris,Midfielder,6,5,1,0,326,82.3,121,102,0,6,0,6,6,1,0,44.3,Normal
Herrera,Paris,Midfielder,6,5,1,0,326,82.3,121,102,0,6,0,6,4,0,0,30.1,Bad
Herrera,Paris,Midfielder,6,5,1,0,326,80.3,224,199,50,2,1,3,6,1,0,44.3,Normal
Herrera,Paris,Midfielder,6,5,1,0,326,80.3,224,199,50,2,1,3,4,0,0,30.1,Bad
Herrera,Atlético,Midfielder,6,2,2,0,226,82.3,121,102,0,6,0,6,6,1,0,44.3,Normal
Herrera,Atlético,Midfielder,6,2,2,0,226,82.3,121,102,0,6,0,6,4,0,0,30.1,Bad
Herrera,Atlético,Midfielder,6,2,2,0,226,80.3,224,199,50,2,1,3,6,1,0,44.3,Normal
Herrera,Atlético,Midfielder,6,2,2,0,226,80.3,224,199,50,2,1,3,4,0,0,30.1,Bad
Malen,Dortmund,Forward,6,5,0,0,392,76.3,137,107,33,6,2,2,6,3,0,43.7,Good
Rabiot,Juventus,Midfielder,6,4,2,0,536,89.0,267,243,20,5,1,0,7,0,0,67.6,Bad
Aebischer,Young Boys,Midfielder,6,4,2,0,504,85.5,272,235,47,21,10,3,6,0,1,53.9,Normal
Griezmann,Atlético,Forward,6,4,0,1,518,79.8,191,151,42,7,3,1,9,4,2,64.3,Good
Kovačić,Chelsea,Midfielder,6,4,0,0,426,91.3,457,425,0,0,0,7,6,0,0,50.3,Bad
Forsberg,Leipzig,Forward,6,4,0,0,385,83.8,164,132,53,13,7,5,6,2,2,48.2,Good
Abubakari,Malmö,Forward,6,4,0,0,116,82.8,33,26,0,1,0,0,4,0,0,15.3,Bad
Danilo,Paris,Midfielder,6,3,2,0,362,89.6,362,331,0,7,0,9,5,0,1,49.9,Normal
Danilo,Paris,Midfielder,6,3,2,0,362,89.6,362,331,0,7,0,9,7,0,0,40.6,Bad
Danilo,Paris,Midfielder,6,3,2,0,362,79.4,199,185,0,0,0,5,5,0,1,49.9,Normal
Danilo,Paris,Midfielder,6,3,2,0,362,79.4,199,185,0,0,0,5,7,0,0,40.6,Bad
Danilo,Juventus,Defender,4,6,0,0,450,89.6,362,331,0,7,0,9,5,0,1,49.9,Normal
Danilo,Juventus,Defender,4,6,0,0,450,89.6,362,331,0,7,0,9,7,0,0,40.6,Bad
Danilo,Juventus,Defender,4,6,0,0,450,79.4,199,185,0,0,0,5,5,0,1,49.9,Normal
Danilo,Juventus,Defender,4,6,0,0,450,79.4,199,185,0,0,0,5,7,0,0,40.6,Bad
Simakan,Leipzig,Defender,6,3,2,0,297,92.0,158,142,100,1,1,7,4,0,0,32.0,Bad
Zeki Çelik,LOSC,Defender,6,3,1,0,591,78.0,297,233,33,12,4,9,7,0,1,71.3,Normal
Batshuayi,Beşiktaş,Forward,6,3,1,0,383,73.2,88,66,0,2,0,0,5,0,0,43.5,Bad
Rakitić,Sevilla,Midfielder,6,3,1,0,276,77.6,148,124,21,14,3,14,5,2,1,36.4,Good
Nico González,Barcelona,Midfielder,6,3,1,0,247,90.0,143,129,0,0,0,1,4,0,0,33.6,Bad
Matheus Cunha,Atlético,Forward,6,3,0,0,142,93.6,19,17,0,0,0,0,5,0,0,18.3,Bad
Ikoné,LOSC,Midfielder,6,2,4,0,297,73.6,97,75,0,0,0,1,5,1,2,35.3,Good
Adams,Leipzig,Midfielder,6,2,4,0,292,89.4,166,146,0,1,0,0,5,0,0,38.9,Bad
Nianzou,Bayern,Midfielder,6,2,1,0,212,94.5,199,192,0,0,0,5,4,0,0,25.4,Bad
Chukwueze,Villarreal,Midfielder,6,2,0,0,273,62.3,50,37,0,2,0,1,9,2,0,37.0,Good
Fati,Barcelona,Forward,6,2,0,0,154,86.7,74,64,50,2,1,1,3,1,0,19.7,Normal
Eric García,Barcelona,Defender,6,1,3,1,247,97.5,203,197,0,0,0,1,4,0,0,29.7,Bad
Uribe,Porto,Midfielder,6,1,3,0,289,83.5,112,96,0,1,0,2,4,0,0,36.8,Bad
Hummels,Dortmund,Defender,6,1,1,1,358,86.8,310,277,0,0,0,3,5,0,0,41.2,Bad
Welinton,Beşiktaş,Defender,6,1,1,1,313,81.5,183,158,0,4,0,7,4,0,0,33.0,Bad
Matip,Liverpool,Defender,6,1,1,0,630,94.2,498,467,0,0,0,14,7,0,0,66.2,Bad
Meunier,Dortmund,Defender,6,1,1,0,484,77.3,271,212,5,18,1,3,6,0,1,65.6,Normal
Rúben Dias,Man. City,Defender,6,1,0,0,664,92.6,464,431,0,0,0,8,8,0,0,83.1,Bad
Perišić,Inter,Midfielder,6,1,0,0,531,79.8,219,168,25,47,12,0,8,0,1,65.5,Normal
Rieder,Young Boys,Midfielder,6,1,0,0,272,69.7,98,69,11,9,1,3,6,1,1,38.7,Normal
Ahmedhodžić,Malmö,Defender,6,0,1,1,413,83.0,225,191,0,0,0,10,5,0,0,46.3,Bad
Marlon,Shakhtar Donetsk,Defender,6,0,0,0,450,94.8,424,402,0,0,0,8,5,0,0,48.8,Bad
Lefort,Young Boys,Defender,6,0,0,0,167,70.7,95,65,50,4,2,2,3,0,0,21.1,Bad
Paulinho,Sporting CP,Forward,5,14,2,0,582,74.8,139,105,0,3,0,0,8,3,1,68.2,Good
Morata,Juventus,Forward,5,13,0,0,520,78.9,137,108,0,4,0,0,7,2,0,60.2,Good
Kondogbia,Atlético,Midfielder,5,11,2,0,578,84.5,242,209,0,1,0,9,9,0,0,71.3,Bad
Rodrygo,Real Madrid,Forward,5,11,1,0,505,77.6,209,183,38,13,5,3,11,5,2,65.7,Good
Chiesa,Juventus,Forward,5,11,0,0,336,84.5,90,77,25,12,3,1,4,2,0,37.5,Good
Verratti,Paris,Midfielder,5,10,2,0,431,93.0,436,403,0,2,0,14,5,0,0,55.7,Bad
Foden,Man. City,Midfielder,5,10,1,0,658,81.1,287,238,26,23,6,3,11,3,2,89.1,Good
Nuno Mendes,Paris,Defender,5,10,1,0,581,83.6,258,220,16,12,2,3,8,0,0,62.2,Bad
Camavinga,Real Madrid,Midfielder,5,10,1,0,296,87.7,179,158,0,1,0,7,10,0,1,40.2,Bad
Grimaldo,Benfica,Defender,5,9,2,0,863,81.1,319,257,41,34,14,21,10,0,3,107.7,Good
T. Hernández,Milan,Defender,5,9,2,0,450,78.6,215,172,31,16,5,7,5,0,1,51.4,Normal
Loftus-Cheek,Chelsea,Forward,5,9,2,0,358,80.3,252,229,42,7,3,2,8,0,1,44.2,Normal
Antony,Ajax,Forward,5,9,1,0,577,81.9,322,262,18,27,5,2,7,2,5,65.1,Good
Bruno Fernandes,Man. United,Midfielder,5,9,0,0,520,78.2,324,250,21,28,6,11,7,0,7,58.4,Good
Larsson,Malmö,Defender,5,8,2,0,275,67.3,86,67,60,5,3,6,4,0,0,32.0,Bad
Zabarnyi,Dynamo Kyiv,Defender,5,8,1,0,540,90.2,241,221,0,1,0,10,6,0,0,67.1,Bad
Tiago Djaló,LOSC,Defender,5,8,1,0,533,83.4,276,236,0,3,0,3,7,0,0,60.5,Bad
Dodô,Shakhtar Donetsk,Defender,5,8,0,0,540,88.2,289,256,10,10,1,11,6,0,0,64.5,Bad
Škriniar,Inter,Defender,5,7,1,0,720,91.4,451,416,50,4,2,11,8,1,0,85.1,Normal
Thiago Alcántara,Liverpool,Midfielder,5,7,1,0,604,91.8,553,508,50,2,1,12,10,1,0,77.9,Normal
James,Chelsea,Defender,5,7,1,0,505,90.3,359,324,30,23,7,14,6,1,0,54.6,Normal
Alexander-Arnold,Liverpool,Defender,5,6,2,0,794,80.0,685,556,29,81,24,28,9,0,4,86.8,Good
Lacroix,Wolfsburg,Defender,5,6,2,0,540,81.8,284,232,0,0,0,22,6,0,0,61.3,Bad
Suso,Sevilla,Forward,5,6,1,0,228,82.0,99,81,23,17,4,2,4,0,0,25.2,Bad
Brozović,Inter,Midfielder,5,6,0,0,635,90.6,559,506,75,8,6,26,8,1,0,89.3,Normal
Onguéné,Salzburg,Defender,5,5,1,0,437,87.2,242,213,0,0,0,10,5,0,0,48.3,Bad
Musiala,Bayern,Midfielder,5,5,0,0,448,83.4,168,141,0,2,0,0,8,1,1,59.0,Good
Castañeda,Sheriff,Midfielder,5,5,0,0,357,79.6,90,73,25,8,2,1,5,0,0,45.5,Bad
Taarabt,Benfica,Midfielder,5,4,2,0,343,83.5,149,127,0,4,0,6,9,0,0,45.2,Bad
Steffen,Wolfsburg,Midfielder,5,4,2,0,258,92.0,25,23,0,0,0,3,5,2,0,31.1,Good
Steffen,Wolfsburg,Midfielder,5,4,2,0,258,92.0,25,23,0,0,0,3,1,0,0,4.0,Bad
Steffen,Wolfsburg,Midfielder,5,4,2,0,258,74.8,84,66,50,2,1,0,5,2,0,31.1,Good
Steffen,Wolfsburg,Midfielder,5,4,2,0,258,74.8,84,66,50,2,1,0,1,0,0,4.0,Bad
Witsel,Dortmund,Midfielder,5,4,1,0,471,93.2,311,294,0,0,0,6,6,0,0,59.8,Bad
Vertonghen,Benfica,Defender,5,4,0,0,900,83.3,424,360,0,1,0,9,10,0,1,97.9,Normal
Hakan Çalhanoğlu,Inter,Midfielder,5,4,0,0,419,85.7,262,225,47,34,16,4,6,0,0,55.2,Bad
Van Der Brempt,Club Brugge,Defender,5,4,0,0,162,68.8,58,40,28,7,2,2,5,0,0,21.5,Bad
Zinchenko,Man. City,Defender,5,3,2,0,501,88.0,356,314,23,13,3,4,8,0,1,64.4,Normal
Moreno,Villarreal,Defender,5,3,2,0,309,82.3,135,110,100,2,2,2,7,1,0,41.7,Normal
Robertson,Liverpool,Defender,5,3,1,0,826,81.1,628,512,25,63,16,22,10,0,2,97.7,Good
Pedraza,Villarreal,Midfielder,5,3,1,0,431,61.4,195,151,15,19,3,0,10,0,1,55.3,Normal
Pedrinho,Shakhtar Donetsk,Midfielder,5,3,0,0,343,88.0,170,150,50,4,2,0,4,0,0,40.9,Bad
Tolisso,Bayern,Midfielder,5,3,0,0,234,86.8,197,178,0,2,0,6,4,0,1,31.3,Normal
Brorsson,Malmö,Defender,5,2,2,0,448,80.2,163,139,0,0,0,4,5,0,0,49.9,Bad
Giroud,Milan,Forward,5,2,2,0,261,75.6,48,36,0,3,0,0,5,0,0,29.0,Bad
Okafor,Salzburg,Midfielder,5,2,1,0,345,51.0,80,51,0,4,0,0,6,3,0,40.0,Good
Kampl,Leipzig,Midfielder,5,2,1,0,270,90.7,180,165,33,3,1,2,3,0,0,35.8,Bad
Bruno Tabata,Sporting CP,Midfielder,5,2,1,0,201,74.0,76,58,20,5,1,4,4,1,1,28.3,Good
De Vrij,Inter,Defender,5,2,0,0,487,92.7,322,301,0,0,0,4,6,1,0,55.4,Normal
Bentancur,Juventus,Midfielder,5,2,0,0,382,83.0,206,176,0,4,0,0,5,0,1,48.7,Normal
Sowah,Club Brugge,Forward,5,2,0,0,298,67.2,110,77,7,14,1,0,5,0,0,38.4,Bad
De Sciglio,Juventus,Defender,5,2,0,0,286,85.3,144,126,30,23,7,0,4,0,1,33.3,Normal
Klaassen,Ajax,Midfielder,5,2,0,0,232,76.7,108,94,50,2,1,0,7,1,1,33.6,Good
Dulanto,Sheriff,Defender,5,1,3,0,540,81.3,195,162,0,0,0,11,6,0,0,53.0,Bad
Lindelöf,Man. United,Defender,5,1,1,0,426,93.6,280,263,50,2,1,8,5,0,0,37.8,Bad
Sérgio Oliveira,Porto,Midfielder,5,1,1,0,300,77.0,127,96,45,20,9,13,6,1,0,39.7,Normal
Maycon,Shakhtar Donetsk,Midfielder,5,1,0,0,473,94.5,395,373,58,12,7,9,6,0,0,62.9,Bad
Brooks,Wolfsburg,Defender,5,0,3,1,331,85.0,167,143,0,0,0,13,4,0,0,36.3,Bad
Sierro,Young Boys,Midfielder,5,0,2,0,240,72.4,114,86,60,5,3,4,5,1,0,28.5,Normal
Blind,Ajax,Defender,5,0,1,0,572,83.9,439,368,53,15,8,17,8,1,1,70.9,Good
Palomino,Atalanta,Defender,5,0,1,0,450,83.6,245,207,0,0,0,12,5,1,1,50.5,Good
Dalot,Man. United,Defender,5,0,1,0,233,80.3,135,115,33,6,2,2,3,0,0,21.0,Bad
Yakhshiboev,Sheriff,Forward,5,0,0,0,205,52.7,37,22,0,1,0,0,3,1,0,27.9,Normal
Kean,Juventus,Forward,5,0,0,0,168,57.2,44,29,0,0,0,0,6,1,0,20.6,Normal
Neymar,Paris,Forward,4,20,1,0,468,84.2,259,223,0,5,0,5,6,0,1,55.6,Normal
Ocampos,Sevilla,Midfielder,4,18,2,0,463,79.2,165,133,21,19,4,1,6,1,1,50.6,Good
Parejo,Villarreal,Midfielder,4,17,2,0,1055,84.3,657,560,56,37,21,52,12,1,3,130.9,Good
João Félix,Atlético,Forward,4,13,2,0,573,81.3,160,131,50,2,1,0,8,1,1,68.5,Good
Salah,Liverpool,Forward,4,12,0,0,1008,81.2,426,346,9,11,1,1,13,8,2,112.0,Good
David,LOSC,Forward,4,12,0,0,679,82.4,148,122,100,3,3,1,8,3,0,86.1,Good
Ronaldo,Man. United,Forward,4,11,1,0,611,87.2,204,179,60,5,3,4,7,6,0,59.2,Good
Fred,Man. United,Midfielder,4,10,1,0,433,84.8,262,224,50,2,1,5,6,0,0,43.4,Bad
Matheus Nunes,Sporting CP,Midfielder,4,9,3,0,509,83.7,211,177,0,0,0,11,6,0,2,64.3,Good
Wendel,Zenit,Midfielder,4,8,1,0,484,92.3,295,274,0,4,0,4,6,1,0,59.1,Normal
Lucas Vázquez,Real Madrid,Midfielder,4,8,1,0,349,83.6,239,207,25,12,3,2,8,0,1,47.4,Normal
Tsimikas,Liverpool,Defender,4,8,0,0,344,78.6,201,165,22,40,9,8,5,0,2,42.7,Good
Gündoğan,Man. City,Midfielder,4,7,1,0,660,90.8,406,367,33,15,5,7,10,0,2,86.4,Good
F. de Jong,Barcelona,Midfielder,4,7,1,0,523,90.2,346,312,0,1,0,8,6,0,0,69.0,Bad
Bozdoğan,Beşiktaş,Midfielder,4,7,1,0,219,74.8,52,39,100,1,1,1,4,0,0,28.3,Bad
Zaidu,Porto,Defender,4,6,1,0,389,73.7,152,112,25,8,2,3,6,0,0,45.9,Bad
Ghezzal,Beşiktaş,Midfielder,4,6,1,0,345,69.0,161,113,14,14,2,3,5,1,0,38.3,Normal
Lamela,Sevilla,Midfielder,4,6,1,0,119,85.0,54,46,20,5,1,2,4,0,0,17.6,Bad
Douglas Santos,Zenit,Defender,4,6,0,0,444,85.0,238,202,39,23,9,4,5,0,2,50.5,Good
Origi,Liverpool,Forward,4,6,0,0,187,74.7,47,35,0,3,0,0,7,1,1,23.8,Good
Valverde,Real Madrid,Midfielder,4,5,2,0,804,85.4,395,336,20,15,3,1,11,0,1,96.7,Normal
Wijnaldum,Paris,Midfielder,4,5,0,0,261,93.4,97,89,0,0,0,3,5,2,0,31.6,Good
Arthur,Juventus,Midfielder,4,4,1,0,264,94.0,293,278,50,2,1,7,6,0,0,35.2,Bad
Vida,Beşiktaş,Defender,4,4,1,0,180,90.0,99,90,0,0,0,4,2,0,0,19.1,Bad
Pulišić,Chelsea,Midfielder,4,4,0,0,367,86.3,123,106,25,4,1,0,7,2,1,47.3,Good
N. Williams,Liverpool,Defender,4,4,0,0,180,73.0,100,76,42,7,3,1,3,0,0,23.5,Bad
Montero,Beşiktaş,Defender,4,3,2,0,306,85.8,168,147,0,0,0,8,4,1,0,34.6,Normal
Giménez,Atlético,Defender,4,3,1,0,585,78.9,211,175,0,0,0,10,7,0,0,63.3,Bad
Cristiano,Sheriff,Defender,4,3,1,0,540,73.3,159,117,42,21,9,4,6,0,3,63.2,Good
Reus,Dortmund,Midfielder,4,3,1,0,499,83.0,215,182,7,14,1,8,6,3,1,62.7,Good
Orbán,Leipzig,Defender,4,3,1,0,315,92.0,194,176,0,0,0,6,4,0,0,35.6,Bad
Hudson-Odoi,Chelsea,Midfielder,4,3,1,0,289,90.2,149,134,40,10,4,0,5,1,2,32.3,Good
Rosier,Beşiktaş,Defender,4,3,0,0,405,84.4,177,150,14,14,2,3,5,0,0,46.8,Bad
Nikolov,Sheriff,Midfielder,4,3,0,0,97,72.4,27,24,0,0,0,0,5,1,0,14.6,Normal
Angeliño,Leipzig,Defender,4,2,2,1,432,72.4,180,132,26,30,8,10,5,0,3,50.7,Good
Laporte,Man. City,Defender,4,2,2,0,794,94.7,707,672,0,0,0,10,9,0,0,90.9,Bad
Roussillon,Wolfsburg,Defender,4,2,2,0,362,78.7,131,103,0,7,0,0,6,0,0,41.6,Bad
Delaney,Sevilla,Midfielder,4,2,2,0,200,70.5,76,61,0,0,0,1,4,0,0,28.1,Bad
Van Dijk,Liverpool,Defender,4,2,1,0,810,90.7,667,609,0,1,0,10,9,0,1,82.8,Normal
Demiral,Atalanta,Defender,4,2,1,0,370,92.2,176,162,0,0,0,9,6,1,0,42.2,Normal
Rafael Leão,Milan,Forward,4,2,1,0,294,73.5,57,42,27,11,3,0,4,1,1,32.4,Normal
Van de Beek,Man. United,Midfielder,4,2,1,0,204,82.3,117,102,0,0,0,1,4,0,0,23.5,Bad
Wan-Bissaka,Man. United,Defender,4,2,0,1,419,84.8,254,218,0,9,0,2,6,0,0,45.9,Bad
Hendry,Club Brugge,Defender,4,2,0,0,540,84.2,175,148,0,1,0,9,6,0,0,61.0,Bad
Sučić,Salzburg,Midfielder,4,2,0,0,516,66.9,194,153,21,14,3,4,8,1,0,65.4,Normal
Süle,Bayern,Defender,4,2,0,0,515,94.7,429,413,0,2,0,9,7,0,0,61.4,Bad
Jordi Alba,Barcelona,Defender,4,2,0,0,375,84.0,301,251,30,30,9,7,5,0,1,45.8,Normal
Firmino,Liverpool,Midfielder,4,2,0,0,323,85.7,176,150,0,0,0,0,7,5,0,43.0,Good
Kenan Karaman,Beşiktaş,Forward,4,2,0,0,264,65.0,74,56,0,1,0,0,5,0,0,33.7,Bad
Di María,Paris,Forward,4,2,0,0,260,69.6,154,135,28,7,2,4,5,0,1,32.1,Normal
Poulsen,Leipzig,Forward,4,1,1,0,147,46.8,43,27,0,1,0,0,4,0,1,18.8,Normal
D'Ambrosio,Inter,Defender,4,1,1,0,147,90.7,64,56,0,3,0,2,3,0,0,19.2,Bad
Tigges,Dortmund,Forward,4,1,0,0,100,57.5,19,9,0,0,0,0,2,0,0,13.4,Bad
Syrota,Dynamo Kyiv,Defender,4,0,0,0,450,85.6,224,194,0,0,0,4,5,0,0,54.0,Bad
Romagnoli,Milan,Defender,4,0,0,0,392,86.4,221,192,0,1,0,7,5,0,0,44.7,Bad
Solet,Salzburg,Defender,4,0,0,0,328,84.6,142,123,0,0,0,6,5,0,0,38.9,Bad
Šeško,Salzburg,Forward,4,0,0,0,234,67.3,58,40,100,1,1,1,6,0,0,32.1,Bad
Diallo,Paris,Defender,4,0,0,0,165,85.5,117,103,0,0,0,1,2,0,0,17.9,Bad
Diallo,Paris,Defender,4,0,0,0,165,85.5,117,103,0,0,0,1,1,0,0,8.3,Bad
Diallo,Man. United,Midfielder,1,1,0,0,68,85.5,117,103,0,0,0,1,2,0,0,17.9,Bad
Diallo,Man. United,Midfielder,1,1,0,0,68,85.5,117,103,0,0,0,1,1,0,0,8.3,Bad
Reinier,Dortmund,Forward,4,0,0,0,126,90.0,71,64,0,1,0,0,3,0,0,16.7,Bad
Kimmich,Bayern,Midfielder,3,17,1,0,702,89.5,688,616,35,48,17,31,8,0,0,96.4,Bad
Malcom,Zenit,Forward,3,14,0,0,434,84.5,179,149,23,21,5,5,6,0,1,48.6,Normal
Aaronson,Salzburg,Midfielder,3,13,0,0,715,76.1,239,181,27,18,5,4,8,0,2,103.5,Normal
Brahim Díaz,Milan,Midfielder,3,12,1,0,351,78.8,124,98,0,1,0,1,5,1,1,43.9,Good
Sarabia,Sporting CP,Forward,3,12,0,0,510,71.5,140,98,53,13,7,4,8,2,0,66.6,Good
Mbappé,Paris,Forward,3,11,1,0,673,85.4,257,220,13,15,2,0,8,6,4,65.2,Good
Messi,Paris,Forward,3,11,1,0,630,89.9,428,385,35,14,5,12,7,5,0,58.7,Good
Džeko,Inter,Forward,3,10,0,0,541,72.9,157,116,0,6,0,1,7,3,1,64.6,Good
Cuadrado,Juventus,Midfielder,3,9,2,0,472,87.2,256,226,32,28,9,3,7,0,0,56.2,Bad
Modrić,Real Madrid,Midfielder,3,8,1,0,1077,89.8,799,723,25,12,3,26,13,0,4,124.5,Good
Krunić,Milan,Midfielder,3,8,0,0,252,88.5,90,77,0,0,0,1,4,0,0,30.6,Bad
Hakimi,Paris,Defender,3,7,2,0,718,90.4,417,378,10,10,1,5,8,0,0,85.3,Bad
Gerard Moreno,Villarreal,Forward,3,7,1,0,524,66.2,163,110,16,6,1,2,7,2,4,65.7,Good
Barella,Inter,Midfielder,3,7,0,1,496,85.2,306,265,50,8,4,5,6,0,0,65.4,Bad
Mæhle,Atalanta,Defender,3,7,0,0,435,81.8,217,184,0,8,0,0,5,0,1,56.4,Normal
Pepe,Porto,Defender,3,6,1,0,349,86.0,190,163,0,2,0,10,5,0,0,39.8,Bad
Daniel Bragança,Sporting CP,Midfielder,3,6,1,0,131,93.6,66,61,0,0,0,2,5,0,0,18.9,Bad
Depay,Barcelona,Forward,3,6,0,0,525,80.3,254,203,37,40,15,8,6,0,0,64.4,Bad
Tonali,Milan,Midfielder,3,6,0,0,333,78.5,184,148,33,9,3,14,6,0,0,44.4,Bad
Trigueros,Villarreal,Midfielder,3,6,0,0,330,81.3,142,116,0,2,0,4,9,1,0,42.9,Normal
Munir,Sevilla,Forward,3,6,0,0,204,80.5,49,41,100,1,1,1,4,0,0,26.4,Bad
Tsygankov,Dynamo Kyiv,Midfielder,3,5,1,0,490,84.7,174,148,22,9,2,3,6,0,1,65.8,Normal
Vanaken,Club Brugge,Midfielder,3,5,0,0,540,83.8,288,241,100,1,1,7,6,3,1,69.4,Good
Mykolenko,Dynamo Kyiv,Defender,3,5,0,0,450,84.2,201,171,22,9,2,6,5,0,0,56.4,Bad
Jones,Liverpool,Midfielder,3,5,0,0,185,86.3,132,118,0,1,0,3,4,0,2,27.1,Normal
Mbemba,Porto,Defender,3,4,2,1,450,88.2,215,192,100,2,2,10,5,0,0,46.5,Bad
Sydorchuk,Dynamo Kyiv,Midfielder,3,4,2,0,536,87.0,297,262,0,1,0,13,6,0,0,69.1,Bad
Luis Suárez,Atlético,Forward,3,4,2,0,347,67.0,84,57,0,3,0,2,7,1,0,38.7,Normal
Jesús Navas,Sevilla,Defender,3,4,1,0,332,83.5,249,209,31,19,6,3,4,0,0,40.0,Bad
Aké,Man. City,Defender,3,4,1,0,324,90.3,259,244,0,0,0,7,6,1,0,36.9,Normal
Rashford,Man. United,Forward,3,4,1,0,257,78.4,110,91,20,5,1,1,5,1,0,29.5,Normal
Corona,Porto,Forward,3,4,1,0,212,77.0,76,55,28,7,2,2,4,0,0,28.0,Bad
Mudryk,Shakhtar Donetsk,Midfielder,3,4,1,0,179,86.5,69,54,9,11,1,0,6,0,0,24.2,Bad
Tiago Tomás,Sporting CP,Forward,3,4,1,0,162,56.8,27,20,33,3,1,0,5,0,0,22.1,Bad
Verbič,Dynamo Kyiv,Midfielder,3,4,1,0,91,35.7,26,18,0,0,0,0,3,0,0,13.1,Bad
Koundé,Sevilla,Defender,3,4,0,0,450,90.0,343,311,0,0,0,11,5,0,0,53.2,Bad
Berget,Malmö,Midfielder,3,4,0,0,438,64.2,162,104,28,7,2,0,5,0,0,53.0,Bad
Pedro Gonçalves,Sporting CP,Midfielder,3,4,0,0,329,64.2,83,54,62,8,5,1,5,4,2,41.3,Good
Kuzyaev,Zenit,Midfielder,3,4,0,0,257,90.0,79,71,66,3,2,0,4,1,0,31.7,Normal
Stones,Man. City,Defender,3,3,1,0,637,94.4,545,523,0,1,0,8,8,0,0,73.2,Bad
Christiansen,Malmö,Midfielder,3,3,1,0,328,80.8,193,163,16,12,2,11,4,0,0,41.9,Bad
Greenwood,Man. United,Forward,3,3,1,0,304,85.8,143,123,40,5,2,0,4,1,1,38.1,Good
Peña,Malmö,Midfielder,3,3,1,0,281,80.4,170,138,20,5,1,6,5,0,0,32.5,Bad
Peña,Malmö,Midfielder,3,3,1,0,281,80.4,170,138,20,5,1,6,2,0,0,3.3,Bad
Peña,Villarreal,Defender,1,0,1,0,18,80.4,170,138,20,5,1,6,5,0,0,32.5,Bad
Peña,Villarreal,Defender,1,0,1,0,18,80.4,170,138,20,5,1,6,2,0,0,3.3,Bad
Marcos Antônio,Shakhtar Donetsk,Midfielder,3,3,1,0,256,94.4,234,224,0,0,0,5,5,0,0,36.1,Bad
Dest,Barcelona,Defender,3,3,1,0,230,85.5,109,95,0,8,0,1,4,0,0,30.2,Bad
Sarr,Bayern,Defender,3,3,1,0,125,90.2,72,62,25,4,1,0,5,0,0,17.3,Bad
Sarr,Bayern,Defender,3,3,1,0,125,90.2,72,62,25,4,1,0,2,0,0,11.9,Bad
Sarr,Bayern,Defender,3,3,1,0,125,90.0,71,68,0,0,0,0,5,0,0,17.3,Bad
Sarr,Bayern,Defender,3,3,1,0,125,90.0,71,68,0,0,0,0,2,0,0,11.9,Bad
Rekik,Sevilla,Defender,3,3,1,0,125,92.3,93,86,0,2,0,5,4,0,0,15.1,Bad
Marquinhos,Paris,Defender,3,3,0,0,720,92.5,509,475,0,0,0,16,8,0,1,78.5,Normal
Lemar,Atlético,Midfielder,3,3,0,0,377,76.1,171,133,28,14,4,0,8,0,1,48.9,Normal
Kędziora,Dynamo Kyiv,Defender,3,3,0,0,366,82.0,129,106,16,6,1,6,5,0,0,44.4,Bad
M. Olsson,Malmö,Defender,3,3,0,0,284,72.8,105,82,12,8,1,5,6,0,0,34.5,Bad
Dia,Villarreal,Forward,3,3,0,0,258,54.4,46,35,0,0,0,1,8,1,0,33.3,Normal
Minamino,Liverpool,Forward,3,3,0,0,215,93.0,76,69,0,1,0,1,4,0,0,29.7,Bad
Koopmeiners,Atalanta,Midfielder,3,3,0,0,210,57.8,135,106,25,12,3,4,5,0,1,28.9,Normal
Brobbey,Leipzig,Forward,3,3,0,0,115,42.6,23,13,0,2,0,0,5,0,0,14.3,Bad
De Ligt,Juventus,Defender,3,2,2,0,627,87.6,346,307,100,1,1,8,7,0,0,71.5,Bad
Pau Torres,Villarreal,Defender,3,2,1,0,1080,88.0,506,457,0,0,0,16,12,1,0,124.2,Normal
Gonçalo Inácio,Sporting CP,Defender,3,2,1,0,561,91.4,271,246,0,0,0,17,7,0,1,60.7,Normal
Varane,Man. United,Defender,3,2,1,0,353,88.0,245,222,0,0,0,6,5,0,0,34.2,Bad
Lenglet,Barcelona,Defender,3,2,1,0,345,89.3,304,274,0,1,0,7,4,0,0,40.4,Bad
Dimarco,Inter,Defender,3,2,1,0,283,89.3,158,138,29,37,11,10,7,0,0,36.3,Bad
McKennie,Juventus,Midfielder,3,2,0,0,388,85.8,170,153,0,3,0,1,6,0,0,51.9,Bad
Sobol,Club Brugge,Defender,3,2,0,0,331,75.0,96,74,25,4,1,1,4,0,1,39.1,Normal
Elanga,Man. United,Forward,3,2,0,0,172,61.3,47,31,0,1,0,1,3,1,0,23.0,Normal
Berghuis,Ajax,Forward,3,1,1,0,628,82.0,277,229,32,28,9,2,8,3,1,79.8,Good
Rafa Mir,Sevilla,Forward,3,1,1,0,271,58.8,46,29,50,2,1,0,6,1,1,36.4,Good
Walker,Man. City,Defender,3,1,0,1,577,86.6,397,347,9,11,1,2,7,1,0,64.1,Normal
Lauper,Young Boys,Midfielder,3,1,0,0,462,90.2,348,313,0,0,0,6,6,0,0,42.1,Bad
Baku,Wolfsburg,Midfielder,3,1,0,0,413,68.7,144,99,11,9,1,2,6,1,0,48.6,Normal
Gnabry,Bayern,Forward,3,1,0,0,391,73.6,231,194,20,10,2,0,8,3,2,46.7,Good
Tolói,Atalanta,Defender,3,1,0,0,360,83.3,231,189,50,10,5,5,4,0,0,45.2,Bad
Azmoun,Zenit,Forward,3,1,0,0,303,53.6,56,38,50,2,1,0,5,2,1,30.3,Good
Djimsiti,Atalanta,Defender,3,1,0,0,260,83.0,191,160,100,1,1,6,5,0,0,31.5,Bad
Haidara,Leipzig,Midfielder,3,1,0,0,182,86.0,123,106,0,0,0,3,4,0,0,24.4,Bad
Rugani,Juventus,Defender,3,1,0,0,177,96.8,130,122,0,0,0,0,4,0,0,21.7,Bad
Saúl Ñíguez,Chelsea,Midfielder,3,1,0,0,159,77.8,92,79,0,9,0,0,5,0,0,23.0,Bad
Vitinha,Porto,Midfielder,3,0,2,0,218,89.8,142,127,0,11,0,6,6,0,0,31.1,Bad
Klostermann,Leipzig,Defender,3,0,1,0,357,85.8,161,140,0,1,0,2,5,0,0,42.2,Bad
Kalulu,Milan,Defender,3,0,1,0,216,68.8,79,57,50,6,3,2,5,0,1,26.6,Normal
Bornauw,Wolfsburg,Defender,3,0,1,0,204,75.3,86,68,0,0,0,2,3,0,0,22.3,Bad
Chalobah,Chelsea,Defender,3,0,1,0,175,85.7,106,92,0,1,0,5,3,1,0,20.4,Normal
Sabitzer,Bayern,Midfielder,3,0,1,0,133,85.8,83,72,0,5,0,2,5,0,0,19.6,Bad
Moi Gómez,Villarreal,Midfielder,3,0,0,0,222,83.2,83,62,25,4,1,0,6,0,1,32.0,Normal
Neres,Ajax,Forward,3,0,0,0,203,88.0,104,91,57,7,4,0,5,1,0,24.0,Normal
Wolf,Dortmund,Midfielder,3,0,0,0,170,65.2,66,50,25,8,2,0,5,0,0,24.3,Bad
Vormer,Club Brugge,Midfielder,3,0,0,0,156,83.0,80,68,20,10,2,5,4,0,1,20.9,Normal
Buyalskiy,Dynamo Kyiv,Midfielder,2,14,1,0,436,80.4,101,84,50,2,1,0,5,0,0,58.5,Bad
Yaremchuk,Benfica,Forward,2,13,2,0,514,70.0,103,71,0,1,0,0,10,3,0,66.5,Good
Lang,Club Brugge,Forward,2,8,3,0,528,71.3,214,152,4,24,1,8,6,0,1,68.9,Normal
Gudmundsson,LOSC,Defender,2,7,1,0,243,70.0,76,53,0,9,0,2,4,0,0,29.1,Bad
Alex Telles,Man. United,Defender,2,6,2,0,293,88.0,179,164,21,33,7,12,4,1,0,33.5,Normal
Pjanic,Beşiktaş,Midfielder,2,6,1,0,261,83.3,216,182,60,10,6,19,3,0,2,32.7,Normal
Dybala,Juventus,Forward,2,6,0,0,255,87.0,178,156,11,9,1,3,5,3,1,30.6,Good
Paulo Otávio,Wolfsburg,Defender,2,6,0,0,171,66.3,72,48,0,8,0,0,4,0,0,20.2,Bad
Sané,Bayern,Midfielder,2,5,0,0,798,86.8,398,346,26,19,5,8,10,6,6,94.0,Good
André Almeida,Benfica,Defender,2,5,0,0,236,86.4,103,82,33,3,1,7,5,0,0,29.6,Bad
Matić,Man. United,Midfielder,2,4,2,0,194,81.1,152,132,0,1,0,6,8,0,0,24.6,Bad
Benzema,Real Madrid,Forward,2,4,1,0,1106,83.1,523,433,20,10,2,4,12,15,1,121.5,Good
Alex Teixeira,Beşiktaş,Midfielder,2,4,1,0,184,86.7,50,44,0,0,0,0,3,0,0,18.6,Bad
Rits,Club Brugge,Midfielder,2,4,0,0,417,77.2,129,101,33,3,1,3,6,2,0,53.9,Good
Lukebakio,Wolfsburg,Forward,2,4,0,0,296,79.3,70,53,50,2,1,0,6,0,0,35.9,Bad
Bernardeschi,Juventus,Midfielder,2,4,0,0,292,87.2,131,111,38,18,7,7,5,0,2,36.3,Good
Gerhardt,Wolfsburg,Midfielder,2,4,0,0,192,63.0,61,44,66,3,2,0,5,0,1,25.8,Normal
Messias Junior,Milan,Forward,2,4,0,0,115,84.0,35,26,25,4,1,2,2,1,0,15.6,Normal
Rakitskyy,Zenit,Defender,2,3,1,0,497,81.7,348,287,28,14,4,20,6,1,2,52.3,Good
Tymchyk,Dynamo Kyiv,Defender,2,3,1,0,160,75.8,94,75,0,3,0,2,4,0,0,22.0,Bad
Hutchinson,Beşiktaş,Midfielder,2,3,1,0,156,88.5,90,77,50,2,1,3,4,0,0,19.9,Bad
Muriel,Atalanta,Forward,2,3,1,0,130,65.0,59,48,0,5,0,2,5,1,0,16.9,Normal
Matviyenko,Shakhtar Donetsk,Defender,2,3,0,0,360,92.8,350,328,0,2,0,1,4,0,0,43.0,Bad
Calabria,Milan,Defender,2,3,0,0,315,76.3,120,91,25,8,2,6,4,0,0,38.5,Bad
Pessina,Atalanta,Midfielder,2,3,0,0,211,74.3,100,78,33,3,1,1,4,1,0,29.4,Normal
Toni Martínez,Porto,Forward,2,3,0,0,144,89.0,20,16,0,2,0,0,6,0,0,19.6,Bad
Alexis Sánchez,Inter,Forward,2,2,2,1,155,80.0,67,54,0,0,0,0,6,1,1,19.0,Good
S. Thill,Sheriff,Midfielder,2,2,1,0,540,81.2,206,167,23,17,4,18,6,2,1,76.8,Good
Mario Gaspar,Villarreal,Defender,2,2,1,0,93,95.0,32,29,0,1,0,1,2,0,0,10.8,Bad
Brandt,Dortmund,Midfielder,2,2,0,0,395,83.6,240,198,26,19,5,5,5,0,0,51.8,Bad
Solomon,Shakhtar Donetsk,Midfielder,2,2,0,0,322,90.0,136,123,0,5,0,0,5,0,0,42.3,Bad
Lukaku,Chelsea,Forward,2,2,0,0,320,79.5,61,49,75,4,3,0,6,2,0,31.5,Good
Oxlade-Chamberlain,Liverpool,Midfielder,2,2,0,0,300,85.3,165,141,20,10,2,5,6,0,1,38.6,Normal
Weah,LOSC,Forward,2,2,0,0,255,81.0,66,51,25,4,1,0,5,0,0,29.4,Bad
Dahoud,Dortmund,Midfielder,2,2,0,0,212,86.0,141,117,60,5,3,2,4,0,2,28.2,Normal
Haaland,Dortmund,Forward,2,2,0,0,203,46.7,50,27,0,1,0,0,3,3,0,22.3,Good
Bailly,Man. United,Defender,2,2,0,0,180,91.5,107,98,0,0,0,1,2,0,0,18.8,Bad
Mostovoy,Zenit,Midfielder,2,2,0,0,150,81.2,49,38,16,6,1,0,5,0,0,20.9,Bad
Erokhin,Zenit,Midfielder,2,2,0,0,104,98.0,27,26,0,2,0,0,6,0,0,15.7,Bad
Ballo,Milan,Defender,2,2,0,0,91,81.0,31,27,0,1,0,1,2,0,0,11.6,Bad
L. Nielsen,Malmö,Defender,2,1,2,0,450,84.8,162,140,0,0,0,4,5,0,0,49.1,Bad
Verissimo,Benfica,Defender,2,1,1,0,270,83.0,111,93,0,0,0,6,3,0,0,30.2,Bad
Pašalić,Atalanta,Midfielder,2,1,1,0,220,79.6,71,57,0,1,0,1,5,1,1,30.0,Good
Kjær,Milan,Defender,2,1,0,0,270,88.7,134,119,0,0,0,4,3,0,0,28.6,Bad
Necip Uysal,Beşiktaş,Midfielder,2,1,0,0,189,68.0,55,37,50,2,1,4,3,0,0,19.8,Bad
Chilwell,Chelsea,Defender,2,1,0,0,188,82.3,87,71,26,15,4,1,4,0,0,23.3,Bad
Pedri,Barcelona,Midfielder,2,1,0,0,158,87.0,103,90,0,1,0,2,2,0,0,20.7,Bad
Lázaro,Benfica,Midfielder,2,1,0,0,114,54.0,47,38,0,0,0,2,6,0,0,15.6,Bad
Ranocchia,Inter,Defender,2,1,0,0,98,83.3,38,31,0,0,0,2,3,0,0,10.9,Bad
Lovren,Zenit,Defender,2,0,2,0,315,88.8,159,141,50,2,1,5,4,0,0,34.7,Bad
Karavaev,Zenit,Defender,2,0,1,0,299,85.5,115,99,16,6,1,1,4,0,1,38.3,Normal
Karavaev,Zenit,Defender,2,0,1,0,299,85.5,115,99,16,6,1,1,6,0,0,21.6,Bad
Karavaev,Zenit,Defender,2,0,1,0,299,70.5,57,44,25,4,1,3,4,0,1,38.3,Normal
Karavaev,Zenit,Defender,2,0,1,0,299,70.5,57,44,25,4,1,3,6,0,0,21.6,Bad
Karavaev,Dynamo Kyiv,Defender,1,3,0,0,154,85.5,115,99,16,6,1,1,4,0,1,38.3,Normal
Karavaev,Dynamo Kyiv,Defender,1,3,0,0,154,85.5,115,99,16,6,1,1,6,0,0,21.6,Bad
Karavaev,Dynamo Kyiv,Defender,1,3,0,0,154,70.5,57,44,25,4,1,3,4,0,1,38.3,Normal
Karavaev,Dynamo Kyiv,Defender,1,3,0,0,154,70.5,57,44,25,4,1,3,6,0,0,21.6,Bad
Fassnacht,Young Boys,Midfielder,2,0,1,0,269,85.7,86,73,16,6,1,1,3,0,0,23.3,Bad
Schuurs,Ajax,Defender,2,0,1,0,146,90.3,111,99,0,0,0,6,3,0,1,14.4,Normal
Waldschmidt,Wolfsburg,Forward,2,0,1,0,119,74.3,30,25,0,0,0,0,3,0,0,15.6,Bad
Rebić,Milan,Forward,2,0,1,0,117,62.0,21,13,0,2,0,0,2,1,0,13.0,Normal
Slimani,Sporting CP,Forward,2,0,1,0,104,71.5,23,17,0,1,0,0,2,0,0,12.4,Bad
Zagadou,Dortmund,Defender,2,0,1,0,97,87.0,111,103,100,1,1,0,2,0,0,12.3,Bad
Asensio,Real Madrid,Forward,2,0,0,0,207,72.6,89,75,25,4,1,1,8,1,2,28.4,Good
Schulz,Dortmund,Defender,2,0,0,0,195,83.5,129,110,100,3,3,1,4,0,1,24.5,Normal
Salih Uçan,Beşiktaş,Midfielder,2,0,0,0,109,75.4,57,50,0,3,0,0,5,0,0,15.4,Bad
Gosens,Atalanta,Midfielder,2,0,0,0,101,70.5,56,43,0,0,0,0,2,1,0,12.1,Normal
Phillips,Liverpool,Defender,2,0,0,0,91,44.5,37,33,0,0,0,1,2,0,0,11.2,Bad
Fernandinho,Man. City,Midfielder,1,12,1,0,347,85.3,291,254,40,5,2,12,8,0,2,44.7,Normal
De Ketelaere,Club Brugge,Forward,1,11,0,0,500,73.0,157,116,30,13,4,2,6,0,1,58.5,Normal
Iličić,Atalanta,Midfielder,1,11,0,0,249,78.0,130,101,57,7,4,8,4,1,1,29.3,Good
Birmančević,Malmö,Midfielder,1,10,0,0,356,75.0,92,66,33,3,1,3,6,0,1,44.6,Normal
Kolovos,Sheriff,Midfielder,1,8,1,0,405,71.5,88,66,0,1,0,0,6,0,0,49.3,Bad
Carrasco,Atlético,Forward,1,7,0,1,472,79.7,148,117,21,14,3,11,7,0,0,60.1,Bad
Meite,Benfica,Midfielder,1,7,0,0,155,84.0,41,35,0,0,0,3,3,0,0,19.9,Bad
Ronald Araújo,Barcelona,Defender,1,5,1,0,367,86.0,192,167,33,3,1,9,5,0,0,36.4,Bad
Gómez,Sevilla,Forward,1,5,0,0,322,83.8,176,148,13,15,2,1,5,0,0,36.7,Bad
Tagliafico,Ajax,Defender,1,5,0,0,139,76.3,69,57,16,6,1,1,3,0,1,16.6,Normal
Ismaily,Shakhtar Donetsk,Defender,1,4,0,0,355,86.0,184,159,0,4,0,5,5,0,0,44.8,Bad
Trippier,Atlético,Defender,1,4,0,0,220,73.3,95,70,20,5,1,2,3,0,0,27.0,Bad
Bürgy,Young Boys,Defender,1,4,0,0,180,90.0,130,117,0,0,0,5,2,0,0,21.4,Bad
Gomes,LOSC,Midfielder,1,4,0,0,168,76.5,54,40,50,2,1,0,4,1,1,19.7,Good
Coutinho,Barcelona,Forward,1,4,0,0,109,84.0,66,52,0,3,0,1,4,0,0,14.3,Bad
Vitinho,Dynamo Kyiv,Midfielder,1,4,0,0,93,67.7,28,21,0,2,0,0,3,0,0,13.5,Bad
Diego Carlos,Sevilla,Defender,1,3,2,0,539,90.2,414,374,0,0,0,11,6,0,0,58.7,Bad
Coates,Sporting CP,Defender,1,3,1,0,540,87.0,240,211,0,0,0,10,6,2,0,50.9,Bad
Botman,LOSC,Defender,1,3,1,0,418,88.0,248,220,0,0,0,13,5,0,0,47.4,Bad
Jović,Real Madrid,Forward,1,3,1,0,113,90.3,40,36,0,0,0,0,3,0,0,12.9,Bad
Dzyuba,Zenit,Forward,1,3,0,0,277,65.8,61,39,0,0,0,0,6,0,1,31.2,Normal
Onana,LOSC,Midfielder,1,3,0,0,257,88.0,56,49,0,0,0,4,8,0,0,34.9,Bad
Onana,LOSC,Midfielder,1,3,0,0,257,88.0,56,49,0,0,0,4,2,0,0,8.4,Bad
Onana,LOSC,Midfielder,1,3,0,0,257,82.8,95,76,0,0,0,1,8,0,0,34.9,Bad
Onana,LOSC,Midfielder,1,3,0,0,257,82.8,95,76,0,0,0,1,2,0,0,8.4,Bad
Szoboszlai,Leipzig,Midfielder,1,3,0,0,209,79.8,105,85,44,9,4,5,4,2,0,26.9,Good
Darmian,Inter,Defender,1,2,1,0,196,62.0,57,41,20,5,1,1,5,0,0,25.1,Bad
Montiel,Sevilla,Defender,1,2,1,0,186,75.3,123,103,18,11,2,0,4,0,0,24.9,Bad
Ibrahimović,Milan,Forward,1,2,1,0,160,86.8,49,40,100,1,1,2,4,0,0,16.4,Bad
Akanji,Dortmund,Defender,1,2,0,0,450,87.0,299,262,0,1,0,9,5,0,0,50.6,Bad
Meraş,Beşiktaş,Defender,1,2,0,0,253,80.7,88,71,50,2,1,2,3,0,0,29.9,Bad
Nuno Santos,Sporting CP,Forward,1,2,0,0,218,60.1,72,49,11,9,1,1,7,1,0,28.9,Normal
Yansané,Sheriff,Forward,1,2,0,0,156,72.3,37,31,0,0,0,0,3,1,0,21.6,Normal
Rıdvan Yılmaz,Beşiktaş,Defender,1,2,0,0,135,78.5,57,44,0,2,0,1,2,0,0,15.3,Bad
Dembélé,Barcelona,Forward,1,2,0,0,122,73.0,57,41,20,10,2,0,3,0,0,14.8,Bad
Maceiras,Young Boys,Defender,1,2,0,0,113,73.7,57,47,0,7,0,1,3,0,0,16.0,Bad
Arboleda,Sheriff,Defender,1,1,1,0,540,84.8,145,124,0,0,0,6,6,0,0,53.3,Bad
Savić,Atlético,Defender,1,1,1,0,450,81.0,191,158,0,0,0,9,5,0,0,51.6,Bad
Rieks,Malmö,Midfielder,1,1,1,0,222,79.3,68,55,0,1,0,1,3,1,0,27.8,Normal
Moisander,Malmö,Defender,1,1,1,0,187,60.0,86,77,0,0,0,4,3,0,0,22.0,Bad
Sutormin,Zenit,Midfielder,1,1,0,0,293,89.5,160,145,33,6,2,4,4,1,0,34.3,Normal
Mehmet Topal,Beşiktaş,Midfielder,1,1,0,0,261,86.3,81,70,0,0,0,1,3,0,0,29.6,Bad
Morton,Liverpool,Midfielder,1,1,0,0,180,88.0,76,67,0,0,0,2,2,0,0,23.5,Bad
L. de Jong,Barcelona,Forward,1,1,0,0,179,83.0,35,29,0,0,0,0,3,0,0,22.3,Bad
Aurier,Villarreal,Defender,1,1,0,0,129,91.8,66,58,0,2,0,0,5,0,1,15.9,Normal
Demir,Barcelona,Midfielder,1,1,0,0,101,87.7,47,39,0,0,0,0,3,0,0,12.8,Bad
Traoré,Shakhtar Donetsk,Forward,1,1,0,0,101,36.5,22,16,0,0,0,0,2,0,0,10.5,Bad
Dahlin,Malmö,Goalkeeper,1,0,1,0,315,53.0,98,52,0,0,0,13,4,0,0,14.2,Bad
Vitão,Shakhtar Donetsk,Defender,1,0,1,0,90,93.0,73,68,0,0,0,3,1,0,0,9.4,Bad
Bounou,Sevilla,Goalkeeper,1,0,0,0,540,82.2,185,152,0,1,0,12,6,0,0,37.2,Bad
Gomez,Liverpool,Defender,1,0,0,0,245,75.4,200,173,0,1,0,2,7,0,0,30.4,Bad
Kryvtsov,Shakhtar Donetsk,Defender,1,0,0,0,192,92.0,167,153,0,0,0,4,3,0,1,23.5,Normal
Morato,Benfica,Defender,1,0,0,0,180,88.5,134,121,0,0,0,2,2,1,0,19.6,Normal
Pongračić,Dortmund,Defender,1,0,0,0,170,89.8,89,78,0,0,0,4,5,0,0,20.6,Bad
Marcelo,Real Madrid,Defender,1,0,0,0,93,85.0,63,55,33,3,1,1,3,0,0,10.7,Bad
Egan-Riley,Man. City,Defender,1,0,0,0,90,95.0,61,58,0,1,0,0,1,0,0,10.8,Bad
Bondar,Shakhtar Donetsk,Defender,1,0,0,0,90,94.0,105,99,0,0,0,3,1,0,0,10.2,Bad
